first_name,last_name,email
Cecilia,Velasco,cecilia.velasco@rodrigues.fr
Mariana,Ellis,mariana.ellis@rossi.org
Sofie,Woods,sofie.woods@riviere.com
Jeanette,Iannotti,jeanette.iannotti@yahoo.com
Samuel,Sorgatz,samuel.sorgatz@gmail.com
Socorro,Luna,socorro.luna@hotmail.com
Carolina,Murray,carolina.murray@knight.com
Kayla,Moon,kayla.moon@yahoo.de
Ariadna,Geisel,ariadna.geisel@rangel.com
Danielle,Ladeck,danielle.ladeck@scalfaro.net
Tatiana,Thompson,tatiana.thompson@hunt.net
Caleb,Benavides,caleb.benavides@rubio.com
Sandra,Hardy,sandra.hardy@web.de
Lotti,Morris,lotti.morris@yahoo.co.uk
Reinhilde,White,reinhilde.white@voila.fr
Kerry,Patel,kerry.patel@hutchinson.com
Sophie,Antoine,sophie.antoine@andersen.com
Martha,Girard,martha.girard@web.de
Stephanie,King,stephanie.king@cervantes.com
Amanda,Palmer,amanda.palmer@didier.fr
Lina,Alcala,lina.alcala@vespa.net
Itzel,Murphy,itzel.murphy@muelichen.de
Filippo,Parry,filippo.parry@live.com
Katelyn,Cole,katelyn.cole@fiebig.com
Brian,Novak,brian.novak@ford.net
Cilly,Gay,cilly.gay@callegaro.it
Yolanda,Snyder,yolanda.snyder@gmx.de
Evelin,Odonnell,evelin.odonnell@ibarra.net
Ingeborg,Alba,ingeborg.alba@hotmail.com
Marina,Madrid,marina.madrid@galarza-alba.com
Sheila,Goodwin,sheila.goodwin@yahoo.com
Valeria,Rich,valeria.rich@turchetta-mondadori.it
Dustin,Camacho,dustin.camacho@rhodes.org.au
Amalia,Marenzio,amalia.marenzio@grupo.com
Gian,Long,gian.long@hotmail.com
Stewart,Hunt,stewart.hunt@anderson-vargas.biz
Greca,Ruiz,greca.ruiz@carr.co.uk
Gerald,Olivera,gerald.olivera@outlook.com
Jaqueline,Wallace,jaqueline.wallace@gmail.com
John,Lane,john.lane@gregoire.fr
Pero,Joly,pero.joly@bernard.net
Chad,Turner,chad.turner@gmail.com
Adam,Zavala,adam.zavala@guichard.fr
Tyler,Rivera,tyler.rivera@guajardo-ozuna.com
Jens,Graham,jens.graham@jones-buckley.com
Virginia,Caetani,virginia.caetani@sosa.biz
Martino,Wagner,martino.wagner@laposte.net
Martin,Meyer,martin.meyer@davis.co.uk
Marguerite,Walls,marguerite.walls@martinez.fr
Peter,Vogt,peter.vogt@yahoo.com
Nicholas,Christian,nicholas.christian@hotmail.de
Susi,Steinberg,susi.steinberg@preiss.com
Tammy,Ramazzotti,tammy.ramazzotti@gmail.com
Abdul,Thomas,abdul.thomas@vasari.com
Justin,Luxardo,justin.luxardo@googlemail.com
Antonio,Gibson,antonio.gibson@faust.net
Jeremy,Gomez,jeremy.gomez@oconnor.org
Raymond,Solorzano,raymond.solorzano@gmail.com
Flora,Harris,flora.harris@hotmail.com.au
Cheryl,Boyd,cheryl.boyd@segni.it
Rhys,Leiva,rhys.leiva@gmx.de
Mariano,Prieto,mariano.prieto@vodafone.it
Laurie,Fibonacci,laurie.fibonacci@gmail.com
David,Rudolph,david.rudolph@nelson.com
Bryan,Ross,bryan.ross@yahoo.com
Ubaldo,Brown,ubaldo.brown@philippe.com
Clelia,Faulkner,clelia.faulkner@hotmail.com
Sara,Erickson,sara.erickson@yahoo.de
Rupert,Valle,rupert.valle@filogamo.it
Puccio,Kitzmann,puccio.kitzmann@yahoo.com
Thomas,Hutchinson,thomas.hutchinson@gmx.de
Abelardo,Castro,abelardo.castro@gmail.com
Greco,Walker,greco.walker@yahoo.com
Miranda,Lacombe,miranda.lacombe@longoria-vanegas.net
Diana,Schuchhardt,diana.schuchhardt@libero.it
Stacey,Knox,stacey.knox@corporacin.com
Glen,Faivre,glen.faivre@yahoo.com
Andrew,Torres,andrew.torres@ruiz-torres.org
Denny,Fritz,denny.fritz@despacho.biz
Martyn,Caldera,martyn.caldera@hotmail.co.uk
Abigail,Foster,abigail.foster@taylor.net
Anthony,Hauffer,anthony.hauffer@tlustek.org
Roger,Gerlach,roger.gerlach@may-mitchell.co.uk
Christopher,Poirier,christopher.poirier@hotmail.com
Branka,Traore,branka.traore@jacobi.com
Briana,Etienne,briana.etienne@bishop-coates.com
Brandon,Olson,brandon.olson@prince-moreno.net
Celia,Ungaretti,celia.ungaretti@fox.com
Barbara,Guibert,barbara.guibert@casares-sanches.com
Daniela,Bell,daniela.bell@vollbrecht.org
Phyllis,Gurule,phyllis.gurule@rodriguez-pham.com
Alejandra,Joseph,alejandra.joseph@escalante-abrego.biz
Giulio,Bohlander,giulio.bohlander@dbmail.com
Amber,Weller,amber.weller@toso.eu
Mary,Etzold,mary.etzold@conrad-harrison.com
Amy,Georges,amy.georges@raedel.de
Jennifer,Giraud,jennifer.giraud@yahoo.com
Rosie,Peltier,rosie.peltier@voila.fr
Oreste,Ward,oreste.ward@proyectos.com
Luis,Edwards,luis.edwards@live.com
Fiona,Griffiths,fiona.griffiths@curatoli-verdone.it
Sally,Raya,sally.raya@tarchetti.it
Carolyn,Charpentier,carolyn.charpentier@hotmail.de
Nathalie,Alvarez,nathalie.alvarez@live.com
Abril,Lowery,abril.lowery@novak.net
Ottone,Sullivan,ottone.sullivan@hussain-kaur.com
Esmeralda,Sollima,esmeralda.sollima@visintini.it
Silvia,Gierschner,silvia.gierschner@tele2.it
Kyle,Cunningham,kyle.cunningham@voila.fr
Anel,Carpentier,anel.carpentier@klein-joseph.org
Sarah,Davis,sarah.davis@david.com
Luke,Klein,luke.klein@hotmail.com
Gudrun,Mueller,gudrun.mueller@dillon-fuller.info
Melissa,Canali,melissa.canali@libero.it
Gabrielle,Ayala,gabrielle.ayala@hotmail.com
Laura,Buckley,laura.buckley@ryan.org
Wilfrido,Lorch,wilfrido.lorch@leclerc.fr
Robert,Bruder,robert.bruder@manzoni.com
Phillip,Soliz,phillip.soliz@outlook.com
Alex,Smith,alex.smith@fournier.fr
Jessica,Martinez,jessica.martinez@salieri.com
Kelly,Carter,kelly.carter@hotmail.com.au
Ahmad,Sosa,ahmad.sosa@gmail.com
Toralf,Iglesias,toralf.iglesias@borrego.com
Irene,Anichini,irene.anichini@yahoo.com
Alicia,Cainero,alicia.cainero@yahoo.com
Tracey,Laboy,tracey.laboy@bell.biz
Donald,Reynaud,donald.reynaud@green.edu.au
Venancio,Stadelmann,venancio.stadelmann@gmx.de
Seth,Olivier,seth.olivier@yahoo.com
Dennis,Boaga,dennis.boaga@gmx.de
Pedro,Wilson,pedro.wilson@outlook.com
Roland,Weihmann,roland.weihmann@gmail.com
Hector,Morrison,hector.morrison@web.de
Evangelos,Peters,evangelos.peters@sanchez.net
Gerardo,Hamilton,gerardo.hamilton@libero.it
Meta,Cuzzocrea,meta.cuzzocrea@howard-jensen.org
Alma,Raymond,alma.raymond@tin.it
Kathleen,Solimena,kathleen.solimena@wallace.biz
Zacharie,Cordier,zacharie.cordier@gmail.com
Riza,Techer,riza.techer@yahoo.com
Enrique,Guillen,enrique.guillen@hotmail.co.uk
Tristan,Weeks,tristan.weeks@pena.com
Natalie,Lerma,natalie.lerma@boucher.com
Rodney,Hamon,rodney.hamon@hotmail.com
Adalberto,Lombardo,adalberto.lombardo@sfr.fr
Florencia,Querini,florencia.querini@gmail.com
Liam,Rolland,liam.rolland@yahoo.fr
Ian,Kelly,ian.kelly@reeves.com.au
Mehdi,Todd,mehdi.todd@web.de
Rembrandt,Liguori,rembrandt.liguori@davis.org
Irmi,Schweitzer,irmi.schweitzer@ozuna.com
Gioffre,Stein,gioffre.stein@hotmail.com.au
Frida,Villarreal,frida.villarreal@hotmail.de
Steffen,Mangold,steffen.mangold@paul.net
Elias,Marin,elias.marin@herve.net
Roman,Gonzalez,roman.gonzalez@anderson.net
Reina,Middleton,reina.middleton@hotmail.com
Sandro,Moran,sandro.moran@hotmail.de
Gebhard,Thanel,gebhard.thanel@gmail.com
Antonino,Bolander,antonino.bolander@gmail.com
Karl,Trevisani,karl.trevisani@anguissola.it
Silvester,Brookes,silvester.brookes@franco.org
Octavio,Pratt,octavio.pratt@web.de
Rebecca,Greer,rebecca.greer@hotmail.com
Pierina,Gaggini,pierina.gaggini@free.fr
Robin,Schleich,robin.schleich@rogers-barrera.biz
Sergio,Abbott,sergio.abbott@moore.net.au
Gilberto,Evans,gilberto.evans@salcedo-archuleta.net
James,Elliott,james.elliott@gmail.com
Timoteo,Bolnbach,timoteo.bolnbach@laboratorios.com
Tonino,Stanley,tonino.stanley@hotmail.com
Margaretha,Murialdo,margaretha.murialdo@meunier.com
Bianca,Drubin,bianca.drubin@libero.it
Kaylee,Hoffmann,kaylee.hoffmann@poulain.com
Teresa,Vecellio,teresa.vecellio@yahoo.com
Emine,Tacchini,emine.tacchini@dbmail.com
Dawn,Cortez,dawn.cortez@gmail.com
Emily,Cundari,emily.cundari@clark.com.au
Eleanor,Hall,eleanor.hall@hotmail.com
Monique,Delgadillo,monique.delgadillo@hotmail.co.uk
Arnaude,Warner,arnaude.warner@gmail.com
Jason,Howell,jason.howell@gmx.de
Nicole,Mccullough,nicole.mccullough@hall.com
Rosmarie,Esquibel,rosmarie.esquibel@bouygtel.fr
Leonor,Ferreira,leonor.ferreira@gmail.com
Brett,Jones,brett.jones@alice.it
Nino,Bien,nino.bien@gmail.com
Jemma,Tate,jemma.tate@hotmail.de
Denis,Rogers,denis.rogers@poste.it
Vanesa,Khan,vanesa.khan@voila.fr
Victoria,Ojeda,victoria.ojeda@doehn.com
Eugenio,Martin,eugenio.martin@yahoo.de
Nancy,Hayes,nancy.hayes@hotmail.com
Lara,Jacob,lara.jacob@buckley.org
Gino,Hernandez,gino.hernandez@covarrubias.com
Vicente,Tijerina,vicente.tijerina@montanariello.com
Michele,Brambilla,michele.brambilla@yahoo.com
Dana,Ritacca,dana.ritacca@gmail.com
Mitchell,Bachmann,mitchell.bachmann@suarez-cruz.com
Vincenza,Key,vincenza.key@adams.com
Salvador,Gaillard,salvador.gaillard@yahoo.de
Diane,Rogner,diane.rogner@kelly.co.uk
Josette,Laine,josette.laine@saracino-parisi.net
Courtney,Fiebig,courtney.fiebig@doerschner.com
Hugues,Oliver,hugues.oliver@stiffel.com
Espartaco,Willis,espartaco.willis@hotmail.com
Flavia,Yoder,flavia.yoder@hotmail.de
Casey,Flores,casey.flores@baggio.org
Calogero,Cross,calogero.cross@mercantini.it
Charles,Begum,charles.begum@laboratorios.info
Adina,Pollard,adina.pollard@outlook.com
Natasha,Lara,natasha.lara@outlook.com
Benita,Pottier,benita.pottier@sfr.fr
Elizabeth,Valdivia,elizabeth.valdivia@gmail.com
Mattia,Huet,mattia.huet@aol.de
Geza,Howard,geza.howard@voila.fr
Lauren,Guillaume,lauren.guillaume@sorgatz.org
Joanna,Baxter,joanna.baxter@bruce-wright.com
Tracy,Metz,tracy.metz@bryant.info
Birgit,Pena,birgit.pena@armellini.it
Elvira,Papafava,elvira.papafava@ifrance.com
Ernest,Delorme,ernest.delorme@dowerg.de
Christy,Grossi,christy.grossi@alarcon-tafoya.com
Hermelinda,Olmos,hermelinda.olmos@portillo.com
Herbert,Fraser,herbert.fraser@holloway.org.au
Giancarlo,Heydrich,giancarlo.heydrich@hotmail.com
Constance,Maldonado,constance.maldonado@spiess.net
Giampiero,Carlier,giampiero.carlier@hotmail.com
Carlo,Jacquot,carlo.jacquot@hotmail.com
Gabriel,Robles,gabriel.robles@yahoo.com
Gerd,Gunpf,gerd.gunpf@gmail.com
Ashley,Hellwig,ashley.hellwig@libero.it
Patrick,Rosas,patrick.rosas@yahoo.com
Lilla,Leonard,lilla.leonard@jungfer.com
Tony,Nicolas,tony.nicolas@morrocco-seddio.net
Allegra,Benedetti,allegra.benedetti@miller.com
Camille,Tafuri,camille.tafuri@aol.de
Juan,Wheeler,juan.wheeler@gilmore.net
Leopoldo,Johnson,leopoldo.johnson@hotmail.com.au
Dietmar,Grenier,dietmar.grenier@tele2.it
Leonid,Scholl,leonid.scholl@collin.com
Olivie,Contarini,olivie.contarini@marshall-wright.biz
Jeffery,Lacroix,jeffery.lacroix@medina.org
Edeltraud,Chavez,edeltraud.chavez@hotmail.com.au
Mesut,Morvan,mesut.morvan@gmail.com
Gregory,Jackson,gregory.jackson@ortiz.com
Nicola,Rossi,nicola.rossi@berry.org
Eddie,Collazo,eddie.collazo@gmail.com
Philippe,Gardner,philippe.gardner@howells-jones.net
Roy,Fox,roy.fox@tejeda.com
Heiderose,Garcia,heiderose.garcia@noos.fr
Claudine,Rowley,claudine.rowley@industrias.com
Astrid,Roht,astrid.roht@fastwebnet.it
Auguste,Burnett,auguste.burnett@yahoo.fr
Pellegrino,Allen,pellegrino.allen@gmail.com
Angela,Bowers,angela.bowers@laboratorios.com
Michael,Descamps,michael.descamps@gmail.com
Heidelore,Kennedy,heidelore.kennedy@guinizzelli.org
Lucrezia,Koch,lucrezia.koch@petit.com
Ivan,Accardo,ivan.accardo@web.de
Karen,Avogadro,karen.avogadro@yahoo.com
Laetitia,Gallet,laetitia.gallet@aubry.org
Amico,Gosselin,amico.gosselin@shaw.info
Ilaria,Bowen,ilaria.bowen@hotmail.it
Marlen,Coardi,marlen.coardi@colletti.eu
Rafael,Alexander,rafael.alexander@jenkins.com
Herma,Gabbana,herma.gabbana@hotmail.com
Zachary,Vespucci,zachary.vespucci@industrias.com
Marisol,Richard,marisol.richard@gmail.com
Joseph,Glover,joseph.glover@laposte.net
Lauretta,Neal,lauretta.neal@hotmail.de
Simone,Sauvage,simone.sauvage@yahoo.com
Ramona,Brooks,ramona.brooks@kensy.de
Gioele,Schwital,gioele.schwital@moody.com
Elena,Jimenez,elena.jimenez@yahoo.com.au
Pam,Vargas,pam.vargas@guillot.net
Alison,Morales,alison.morales@lewis.com
Marc,Aumann,marc.aumann@holland.com
Carla,Butler,carla.butler@yahoo.com
Dionigi,Bruce,dionigi.bruce@industrias.com
Frank,Henry,frank.henry@yahoo.com
Brent,Pons,brent.pons@proyectos.net
Patricia,Liebelt,patricia.liebelt@baca.org
Micheletto,Sykes,micheletto.sykes@thompson-thompson.com
Rose,Blanc,rose.blanc@grupo.com
Vincent,Singh,vincent.singh@gmail.com
Jamie,Peacock,jamie.peacock@interiano-nordio.com
Giorgia,Dijoux,giorgia.dijoux@paul.com
Serena,Piacentini,serena.piacentini@yahoo.de
Dimitri,Posada,dimitri.posada@gmail.com
Alexa,Barillaro,alexa.barillaro@ramos.net
Megan,Kuhl,megan.kuhl@despacho.com
Kaitlyn,Farinelli,kaitlyn.farinelli@outlook.com
Jonathan,Castellitto,jonathan.castellitto@libero.it
Lisa,Terragni,lisa.terragni@proyectos.com
Olivier,Petrucelli,olivier.petrucelli@letta-raurica.eu
Jos,Trobbiani,jos.trobbiani@samson.com
Mirjam,Dawson,mirjam.dawson@yahoo.com
Javier,Tessier,javier.tessier@mclaughlin.biz
Mirjana,Collins,mirjana.collins@hotmail.com
Vanessa,Tschentscher,vanessa.tschentscher@mitchell.com
Antonina,Cobb,antonina.cobb@gibson.org
Bernard,Durand,bernard.durand@royer.com
Corey,Greggio,corey.greggio@johnson.org.au
Rodolfo,Couturier,rodolfo.couturier@tim.it
Pierre,Cardenas,pierre.cardenas@luzi-bonomo.eu
Romeo,Surian,romeo.surian@batista.com
Ivo,Moreno,ivo.moreno@hotmail.com
Federico,Marie,federico.marie@jourdan.fr
Maggie,Boito,maggie.boito@yahoo.com
Brianna,Hanson,brianna.hanson@stanley.com
Heiko,Bourgeois,heiko.bourgeois@togliatti.com
Benito,Gritti,benito.gritti@gmail.com
Mitzy,Junk,mitzy.junk@zaragoza.com
Samantha,Lowe,samantha.lowe@praga.it
Ernesto,Nerger,ernesto.nerger@middleton.co.uk
Melinda,Canova,melinda.canova@orange.fr
Mohammad,Hartung,mohammad.hartung@hotmail.com
Ben,Maillot,ben.maillot@ramos.net
Isabel,Pruschke,isabel.pruschke@gmail.com
Linda,Franceschi,linda.franceschi@richards.net
Olivia,Striebitz,olivia.striebitz@gmail.com
Penny,Watson,penny.watson@matthews.net
Manfred,James,manfred.james@davies.org
Hazel,Pierce,hazel.pierce@outlook.com
Alf,Bates,alf.bates@dunn.com
Scott,Gough,scott.gough@industrias.com
Konrad,Briones,konrad.briones@fierro.com
Mathilde,Kruschwitz,mathilde.kruschwitz@yahoo.com
Irma,Gemito,irma.gemito@googlemail.com
Antoine,Guyon,antoine.guyon@yahoo.com
William,Gibilisco,william.gibilisco@gaillard.com
Judith,Butte,judith.butte@fischer-vaughn.info
Joanne,Henderson,joanne.henderson@gmail.com
Ludovica,Arellano,ludovica.arellano@morandi-argento.com
Catherine,Gray,catherine.gray@hotmail.com
Franco,Fioravanti,franco.fioravanti@barry-gill.com.au
Heather,Zimmer,heather.zimmer@bluemel.de
Hortense,Taylor,hortense.taylor@chambers.biz
Livia,Ernst,livia.ernst@colas.fr
Toby,Etzler,toby.etzler@industrias.com
Ennio,Leoncavallo,ennio.leoncavallo@sanchez.org
Philippine,Vaca,philippine.vaca@hotmail.com
Rhonda,Phillips,rhonda.phillips@yahoo.com
Alphonse,Nitto,alphonse.nitto@voila.fr
Karina,Arreola,karina.arreola@yahoo.com.au
Denise,Wood,denise.wood@mantegna.com
Burghard,Rosenow,burghard.rosenow@hotmail.com
Friedl,Powell,friedl.powell@laposte.net
Benjamin,Schultz,benjamin.schultz@rivero-davila.com
Rachel,Ulibarri,rachel.ulibarri@schueler.com
Silvano,Blanchet,silvano.blanchet@yahoo.com
Kurt,Sauer,kurt.sauer@almanza.biz
Nayeli,Gehringer,nayeli.gehringer@hotmail.com
Imelda,Guerin,imelda.guerin@stumpf.net
Zbigniew,Holmes,zbigniew.holmes@stiffel.net
Adela,Alfonsi,adela.alfonsi@despacho.com
Hilary,Clark,hilary.clark@libero.it
Kornelius,Molina,kornelius.molina@heuser.com
Christian,Anderson,christian.anderson@tim.it
Francisco,Dorsey,francisco.dorsey@tiscali.fr
Walli,Albert,walli.albert@dussen.com
Siegrun,Mota,siegrun.mota@matthews-montoya.org.au
Alberico,Herve,alberico.herve@beer.net
Serafina,Bonnin,serafina.bonnin@mendes.com
Marcelle,Bender,marcelle.bender@edwards-robinson.info
Hartmuth,Robertson,hartmuth.robertson@thomas.edu.au
Herlinde,George,herlinde.george@free.fr
Pamela,Payne,pamela.payne@yahoo.com
Gastone,Beyer,gastone.beyer@stewart-sanchez.edu
Lydia,Berengario,lydia.berengario@aol.de
Lucy,Davidson,lucy.davidson@tele2.it
Franck,Wade,franck.wade@gute.org
Heidi,Barker,heidi.barker@gmail.com
Arnaldo,Ocasio,arnaldo.ocasio@hotmail.com
Francis,Bernier,francis.bernier@rodriguez.com
Johanne,Strong,johanne.strong@yahoo.de
Debra,Langlois,debra.langlois@schmiedecke.com
Reingard,Kambs,reingard.kambs@sagese.eu
Mauro,Ortiz,mauro.ortiz@oquendo.net
Griselda,Carranza,griselda.carranza@krause.de
Janet,Madrigal,janet.madrigal@gmail.com
Jenna,Day,jenna.day@reed.com
Modesto,Wright,modesto.wright@pareto.com
Alice,Wall,alice.wall@zaccardo.it
Brenda,Sontag,brenda.sontag@solari.com
Sergius,Mace,sergius.mace@palazzo.com
Antonia,Kline,antonia.kline@gmail.com
Maurice,Gumprich,maurice.gumprich@griffin.net.au
Daniel,Anders,daniel.anders@yahoo.com
Zaira,Cattaneo,zaira.cattaneo@yahoo.com
Alessio,Bruneau,alessio.bruneau@hotmail.co.uk
Gerdi,Guerrero,gerdi.guerrero@tele2.fr
Brigitte,Stiebitz,brigitte.stiebitz@gmail.com
June,Sinisi,june.sinisi@manzoni-giannini.it
Carl,Macias,carl.macias@yahoo.com
Veronica,Trapp,veronica.trapp@tiscali.it
Frances,Garnier,frances.garnier@aporti-guidotti.org
Terri,Iannelli,terri.iannelli@hotmail.com
Odette,Moore,odette.moore@hall.edu
Mercedes,Trujillo,mercedes.trujillo@aol.de
Babette,Dumas,babette.dumas@brady.net
Jerry,Santiago,jerry.santiago@soprano-ferragni.it
Ronald,Simpson,ronald.simpson@ovadia.net
Emmanuel,Dominguez,emmanuel.dominguez@gmail.com
Christiane,Ricciardi,christiane.ricciardi@zavala.com
Ingolf,Zamora,ingolf.zamora@yahoo.com.au
Rita,Sharp,rita.sharp@beard-scott.edu.au
Geraldine,Cabrera,geraldine.cabrera@green-smith.info
Chantal,Armas,chantal.armas@jenkins.net
Louis,Gilbert,louis.gilbert@gmail.com
Michelle,Collier,michelle.collier@peruzzi.it
Guillermina,Nicholson,guillermina.nicholson@grondin.fr
Bertrand,Hopkins,bertrand.hopkins@gmail.com
Alonso,Palomo,alonso.palomo@gehringer.de
Tina,Rodriguez,tina.rodriguez@web.de
Eva,Francis,eva.francis@parker.org
Ottavio,Rust,ottavio.rust@crespi.com
Amelia,Olvera,amelia.olvera@hotmail.com
Paul,Palladio,paul.palladio@mclaughlin.net.au
Bernardo,Wieloch,bernardo.wieloch@budig.com
Umberto,Hicks,umberto.hicks@hill.com
Janko,Bishop,janko.bishop@tim.it
Jessika,Meunier,jessika.meunier@gmx.de
Isaac,Benard,isaac.benard@googlemail.com
Alexandrie,Lambert,alexandrie.lambert@yahoo.com
Roberto,Guyot,roberto.guyot@bennett.com
Giulietta,Lucas,giulietta.lucas@club.com
Damaris,Pininfarina,damaris.pininfarina@gmail.com
Fabrizia,Renard,fabrizia.renard@higgins-marks.com
Camillo,Dehmel,camillo.dehmel@brown-campbell.com
Ruggero,Parpinel,ruggero.parpinel@gmail.com
Stephen,Pratesi,stephen.pratesi@hotmail.com
Ludger,Naccari,ludger.naccari@ingram.biz
Meryem,Tapia,meryem.tapia@yahoo.com
Jasmine,Juvara,jasmine.juvara@yahoo.com.au
Victoire,Travaglia,victoire.travaglia@zacchia.com
Adrian,Noel,adrian.noel@perrin.com
Marvin,Howe,marvin.howe@gmail.com
Hanne,Kidd,hanne.kidd@yahoo.com
Donatello,Millet,donatello.millet@fritsch.net
Eloisa,Pascarella,eloisa.pascarella@gmail.com
Erica,Zambrano,erica.zambrano@gmail.com
Paula,Canales,paula.canales@gilmore-guerrero.com
Claudia,Bernard,claudia.bernard@mazzanti.it
Paulina,Miller,paulina.miller@lewis-barker.com
Kathrin,Godfrey,kathrin.godfrey@tele2.fr
Pina,Passalacqua,pina.passalacqua@yahoo.co.uk
Julien,Miles,julien.miles@stevens-rose.com
Suzanne,Benigni,suzanne.benigni@mennea-morlacchi.com
Annalisa,Pugh,annalisa.pugh@hotmail.fr
Mathew,Maestas,mathew.maestas@casas-garrido.com
Laszlo,Vallee,laszlo.vallee@verdier.com
Helen,Polanco,helen.polanco@hotmail.com
Mateo,Sorrentino,mateo.sorrentino@calderon.com
Eric,Barnes,eric.barnes@barrett-winter.com
Dragica,West,dragica.west@yahoo.com.au
Antje,Voisin,antje.voisin@gmail.com
Stanley,Mills,stanley.mills@parker-lee.biz
Brandy,Meraz,brandy.meraz@yahoo.com
Conor,Reinhardt,conor.reinhardt@yahoo.com.au
Gabino,Blot,gabino.blot@lewis-russell.org
Alvaro,Lemus,alvaro.lemus@yahoo.com
Patrizia,Wilms,patrizia.wilms@dbmail.com
Metin,Coulon,metin.coulon@ashley.com
Reece,Valencia,reece.valencia@laboy-palomo.com
Troy,Schmiedecke,troy.schmiedecke@picard.com
Wendy,Bustos,wendy.bustos@libero.it
Guglielmo,Caldwell,guglielmo.caldwell@loeffler.com
Travis,Cowan,travis.cowan@turner.info
Brandi,Abbagnale,brandi.abbagnale@tele2.fr
Hanno,Gollum,hanno.gollum@smith.com
Jutta,Burke,jutta.burke@elliott.com
Dorothe,Paz,dorothe.paz@fiebig.de
Desiree,Huerta,desiree.huerta@morris.com
Ilse,Bray,ilse.bray@venturi.it
Pierpaolo,Scaduto,pierpaolo.scaduto@sanders-gibson.com.au
Amedeo,Bradford,amedeo.bradford@yahoo.com
Julia,Ali,julia.ali@yahoo.com
Catalina,Pizzetti,catalina.pizzetti@tim.it
Dylan,Porzio,dylan.porzio@yahoo.de
Iris,Trincavelli,iris.trincavelli@tiscali.fr
Johnathan,Guidotti,johnathan.guidotti@cox-sanchez.net
Walburga,Vollbrecht,walburga.vollbrecht@aol.de
Kendra,David,kendra.david@allan-morton.com
Aleksandr,Weiss,aleksandr.weiss@blanc.org
Cornelio,Guardado,cornelio.guardado@gmail.com
Ferdi,Blackburn,ferdi.blackburn@christensen.net
Bill,Gallagher,bill.gallagher@green.com
Leonard,Harvey,leonard.harvey@hotmail.com
Milan,Montenegro,milan.montenegro@langern.com
Philip,Perez,philip.perez@hotmail.co.uk
Kathryn,Hentschel,kathryn.hentschel@shaw.com
Xavier,Samson,xavier.samson@baggio.it
Hartwig,Roberts,hartwig.roberts@saraceno.net
Kimberly,Chan,kimberly.chan@gmail.com
Lorraine,Crawford,lorraine.crawford@gmail.com
Maximiliano,Knowles,maximiliano.knowles@gmail.com
Gabriella,Avila,gabriella.avila@gmail.com
Rico,Mortati,rico.mortati@faivre.fr
Gail,Petrocelli,gail.petrocelli@yahoo.com
Liberto,Niemeier,liberto.niemeier@germano-dibiasi.it
Luciana,Petitjean,luciana.petitjean@patterson-cole.biz
Ron,Cavazos,ron.cavazos@yahoo.com
Aldo,Cibin,aldo.cibin@gmx.de
Alexandre,Serrano,alexandre.serrano@yahoo.co.uk
Lori,Fagotto,lori.fagotto@hill-anderson.com
Perla,Figueroa,perla.figueroa@live.com
Reginald,Hughes,reginald.hughes@gmail.com
Uriel,Holt,uriel.holt@gmail.com
Stefano,Lemonnier,stefano.lemonnier@binner.com
Madeleine,Cooper,madeleine.cooper@poste.it
Alban,Barbier,alban.barbier@ortiz.org
Alfonso,Finetti,alfonso.finetti@quiroz.com
Ryan,Kim,ryan.kim@noos.fr
Augustin,Wohlgemut,augustin.wohlgemut@watson.info
Rolando,Bibi,rolando.bibi@tin.it
Berthold,Randall,berthold.randall@mcdonald.com
Genaro,Briand,genaro.briand@sfr.fr
Rudolf,Jenkins,rudolf.jenkins@hotmail.com
Pauline,Ackermann,pauline.ackermann@arredondo-roque.com
Folker,Swanson,folker.swanson@rodrigues.fr
Ashleigh,Montez,ashleigh.montez@perry-schneider.com
Liliana,Barber,liliana.barber@libero.it
Caridad,Carr,caridad.carr@huhn.com
Lolita,Borrego,lolita.borrego@gmail.com
Gunar,Patrick,gunar.patrick@leroy.com
Leokadia,Verdier,leokadia.verdier@hotmail.com.au
Hanna,Reid,hanna.reid@salas.org
Edelgard,Kreusel,edelgard.kreusel@hotmail.com
Svenja,Perrin,svenja.perrin@berger.com
Pierluigi,Taccola,pierluigi.taccola@gmx.de
Cilli,Watts,cilli.watts@yahoo.com
Emiliano,Wells,emiliano.wells@gmx.de
April,Davids,april.davids@fisher.info
Dolores,Didier,dolores.didier@yahoo.com.au
Sylvia,Bonomo,sylvia.bonomo@poulain.com
Nelly,Marsh,nelly.marsh@hotmail.it
Beth,Miniati,beth.miniati@hudson.net
Renee,Merino,renee.merino@gmail.com
Hailey,Russell,hailey.russell@jourdan.org
Raphaela,Gotthard,raphaela.gotthard@outlook.com
Pomponio,Comencini,pomponio.comencini@hotmail.co.uk
Leone,Richardson,leone.richardson@yahoo.com
Valentine,Acosta,valentine.acosta@peters.net
Ricciotti,Laureano,ricciotti.laureano@parsons.com
Jacques,Heidrich,jacques.heidrich@zamudio-chapa.com
Anne,Snow,anne.snow@gmail.com
Sonia,Volta,sonia.volta@gmx.de
Dale,Leblanc,dale.leblanc@stewart.com
Alejandro,Cruz,alejandro.cruz@hotmail.com
Elsa,Cugia,elsa.cugia@yahoo.com
Geronimo,Pechel,geronimo.pechel@hotmail.com
Melania,Klemm,melania.klemm@seidel.com
Katherine,Cooley,katherine.cooley@yahoo.com
Guillermo,Larsen,guillermo.larsen@yahoo.com
Jill,Barrios,jill.barrios@gmail.com
Austin,Musatti,austin.musatti@tin.it
Jacinto,Rose,jacinto.rose@yahoo.com
Lucie,Redi,lucie.redi@googlemail.com
Tania,Chapman,tania.chapman@remy.com
Alexandria,Best,alexandria.best@yahoo.co.uk
Edward,Scott,edward.scott@yahoo.com
Jake,Wiley,jake.wiley@outlook.com
Claudio,Reuter,claudio.reuter@morgan-collins.org.au
Laure,Traetta,laure.traetta@kay-perkins.co.uk
Magarete,Valentin,magarete.valentin@yahoo.com
Paige,Hill,paige.hill@jones.org.au
Fulvio,Curiel,fulvio.curiel@reynolds.com
Thibaut,Camarillo,thibaut.camarillo@hotmail.com
Romana,Blanchard,romana.blanchard@googlemail.com
Thibault,Savorgnan,thibault.savorgnan@butler.biz
Alexander,Pausini,alexander.pausini@gonzalez.info
Pierangelo,Scholtz,pierangelo.scholtz@lefevre.com
Emmanuelle,Keller,emmanuelle.keller@morton-clarke.com
Isabella,Deleon,isabella.deleon@web.de
Timothy,Weitzel,timothy.weitzel@gmail.com
Alfredo,Ingram,alfredo.ingram@hotmail.com
Francesca,Kade,francesca.kade@luna-rael.org
Tonia,Coleman,tonia.coleman@hotmail.com
Gottfried,Barbe,gottfried.barbe@hotmail.com
Jeffrey,Trommler,jeffrey.trommler@yahoo.com
Giacobbe,Owens,giacobbe.owens@huet.fr
Conchita,Pagliaro,conchita.pagliaro@googlemail.com
Kevin,Delahaye,kevin.delahaye@ellis-wilson.com
Rouven,Ovadia,rouven.ovadia@gmail.com
Piermaria,Laporte,piermaria.laporte@wesack.com
Karolin,Johann,karolin.johann@hotmail.com
Steven,Folliero,steven.folliero@noos.fr
Livio,Rosselli,livio.rosselli@green.co.uk
Gaetano,Leonardi,gaetano.leonardi@despacho.com
Cynthia,Robinson,cynthia.robinson@gilles.net
Eleni,Aponte,eleni.aponte@club-internet.fr
Noelia,Romo,noelia.romo@yahoo.com
Evelyn,Haynes,evelyn.haynes@clark.info
Katharine,Zaccagnini,katharine.zaccagnini@hotmail.com
Lea,Merle,lea.merle@stey.de
Marta,Huynh,marta.huynh@hernandez.info
Amador,Riley,amador.riley@hotmail.com
Julie,Coles,julie.coles@hotmail.fr
Beverley,Telesio,beverley.telesio@regnier.fr
Corinne,Mitschke,corinne.mitschke@hauffer.net
Valerie,Ortega,valerie.ortega@tele2.it
Carlos,Delle,carlos.delle@hicks.com
Christina,Besnard,christina.besnard@delorme.com
Rosario,Jacques,rosario.jacques@yahoo.com
Celal,Fischer,celal.fischer@aol.de
Leonardo,Guzman,leonardo.guzman@andreozzi-abba.com
Clinton,Mason,clinton.mason@yahoo.com
Loretta,Mallet,loretta.mallet@sansoni-toscani.it
Lorenzo,Roero,lorenzo.roero@hotmail.co.uk
Lando,Gutierrez,lando.gutierrez@heser.com
Elaine,Patterson,elaine.patterson@rose-morris.org
Marcella,Govoni,marcella.govoni@barkholz.net
Ettore,Amaldi,ettore.amaldi@germain.com
Rufino,Gallegos,rufino.gallegos@webster-newton.co.uk
Georges,Richards,georges.richards@macdonald.com
Janice,Infantino,janice.infantino@hotmail.com
Svetlana,Montanariello,svetlana.montanariello@putz.de
Agnolo,Cedillo,agnolo.cedillo@laboratorios.biz
Hannah,Jockel,hannah.jockel@ceravolo-tonisto.eu
Yvonne,Stout,yvonne.stout@sims.edu
Anouk,Pace,anouk.pace@gmail.com
Esteban,Valdez,esteban.valdez@hotmail.com
Angelina,Davies,angelina.davies@hotmail.com
Anastasie,Cadena,anastasie.cadena@live.com
Hansjoachim,Lettiere,hansjoachim.lettiere@hall-mcdaniel.net
Yeni,Tejada,yeni.tejada@olson.edu.au
Dulce,Adinolfi,dulce.adinolfi@hotmail.com
Sean,Mielcarek,sean.mielcarek@gmail.com
Omar,Fonseca,omar.fonseca@grupo.org
Henry,Gucci,henry.gucci@leleu.fr
Samira,Bottaro,samira.bottaro@vasseur.fr
Korinna,Arnold,korinna.arnold@zapata-saenz.biz
Marcela,Ferrante,marcela.ferrante@gmx.de
Douglas,Amaya,douglas.amaya@favata-brenna.net
Katherina,Barrientos,katherina.barrientos@trobbiani.eu
Brittany,Tran,brittany.tran@tele2.it
Caroline,Reeves,caroline.reeves@yahoo.com
Joe,Michaud,joe.michaud@yahoo.fr
Marco,Vittadello,marco.vittadello@gmail.com
Kim,Webb,kim.webb@yahoo.com.au
Eugenia,Zichichi,eugenia.zichichi@yahoo.com
Aurore,Rosemann,aurore.rosemann@leoncavallo-rusticucci.com
Giustino,Luzi,giustino.luzi@rolland.fr
Anita,Galindo,anita.galindo@gmail.com
Gunhild,Carrillo,gunhild.carrillo@elliott-gilbert.org
Rosa,Paul,rosa.paul@bien.com
Marliese,Oneal,marliese.oneal@gmail.com
Bethany,Hartmann,bethany.hartmann@yahoo.com
Irina,Martineau,irina.martineau@gmail.com
Beatriz,Moulin,beatriz.moulin@pinto.com
Lucas,Austin,lucas.austin@gmail.com
Carole,Nohlmans,carole.nohlmans@yahoo.com
Bozena,Schmitt,bozena.schmitt@vallet.com
Aimee,Foconi,aimee.foconi@outlook.com
Marzena,Carrero,marzena.carrero@roskoth.de
Raisa,Poulain,raisa.poulain@fastwebnet.it
Marcantonio,Bennett,marcantonio.bennett@hopkins.com.au
Kenneth,Hurst,kenneth.hurst@meunier.net
Marisela,Mende,marisela.mende@godoy-enriquez.com
Blanka,Villareal,blanka.villareal@monduzzi.net
Tomislav,Stoppani,tomislav.stoppani@corporacin.org
Krystal,Ammaniti,krystal.ammaniti@barbier.fr
Deanna,Aporti,deanna.aporti@bouygtel.fr
Donatella,Burns,donatella.burns@yahoo.de
Margrit,Hooper,margrit.hooper@douglas.com
Baccio,Marcacci,baccio.marcacci@laposte.net
Alfio,Roman,alfio.roman@hotmail.co.uk
Soledad,Soto,soledad.soto@hotmail.de
Josh,Cimarosa,josh.cimarosa@hotmail.com
Nath,Rico,nath.rico@yahoo.com
Gary,Armani,gary.armani@web.de
Miriam,Oquendo,miriam.oquendo@smith-watson.biz
Monica,Mohaupt,monica.mohaupt@live.com
Alec,Ho,alec.ho@parra-esparza.com
Harry,Fouquet,harry.fouquet@ibarra-cooper.com
Arcelia,Babati,arcelia.babati@orange.fr
Trinidad,Vespa,trinidad.vespa@gmail.com
Colette,Ryan,colette.ryan@hotmail.com
Richard,Andre,richard.andre@porras.org
Ellinor,Leclercq,ellinor.leclercq@gmail.com
Patricio,Guillon,patricio.guillon@web.de
Kirsten,Chindamo,kirsten.chindamo@carrillo-wall.com
Leo,Petruzzi,leo.petruzzi@yahoo.com
Margot,Tomaselli,margot.tomaselli@junck.org
Ansaldo,Marks,ansaldo.marks@patel-odonnell.com
Regina,Morin,regina.morin@barcaccia.net
Karla,Medici,karla.medici@yahoo.com
Morgan,Irizarry,morgan.irizarry@williams-harris.biz
Natividad,Wong,natividad.wong@hoevel.com
Anna,Freeman,anna.freeman@snyder.net
Emilia,Vivaldi,emilia.vivaldi@garnier.fr
Gerda,Cook,gerda.cook@tin.it
Andrey,Faure,andrey.faure@frederick-mitchell.info
Charlotte,Duke,charlotte.duke@ochoa.org
Cindy,Castillo,cindy.castillo@virgilio.it
Hiltrud,Thibault,hiltrud.thibault@barbe.com
Kasimir,Jaime,kasimir.jaime@gmail.com
Sabine,Lachmann,sabine.lachmann@phillips.org
Andrea,Arroyo,andrea.arroyo@yahoo.com.au
Matthew,Velasquez,matthew.velasquez@gmail.com
Severino,Linares,severino.linares@angeli.com
Swantje,Lomeli,swantje.lomeli@gmx.de
Marcus,Espino,marcus.espino@comolli.eu
Allen,Gates,allen.gates@gmail.com
Mauricio,Saunders,mauricio.saunders@hotmail.co.uk
Gilbert,Cornejo,gilbert.cornejo@hotmail.com
Letizia,Gulotta,letizia.gulotta@howard.biz
Etta,Gutknecht,etta.gutknecht@leconte.net
Shelley,Perry,shelley.perry@gierschner.de
Geoffrey,Williams,geoffrey.williams@poste.it
Cory,Stewart,cory.stewart@voila.fr
Kristy,Bartlett,kristy.bartlett@outlook.com
Gianluca,Beck,gianluca.beck@green.biz
Guido,Krein,guido.krein@gmail.com
Leif,Monnier,leif.monnier@querini.it
Jonas,Badoer,jonas.badoer@kennedy.biz
Devin,Ebert,devin.ebert@yahoo.fr
Slobodan,Camiscione,slobodan.camiscione@hotmail.com
Volkmar,Gauthier,volkmar.gauthier@hotmail.com
Jordan,Rowe,jordan.rowe@outlook.com
Manon,Daugherty,manon.daugherty@segre.com
Estela,Segovia,estela.segovia@vodafone.it
Giada,Celentano,giada.celentano@evans.net
Clayton,Salcedo,clayton.salcedo@hotmail.co.uk
Raven,Pinto,raven.pinto@hotmail.com
Lewis,Lewis,lewis.lewis@pisano.net
Rochus,Rousseau,rochus.rousseau@nguyen.com
Belinda,Gamez,belinda.gamez@leleu.com
Angelo,Lozano,angelo.lozano@macias.com
Jorge,Monti,jorge.monti@clement.fr
Ricky,Harrell,ricky.harrell@martin.edu
Adriano,Wulf,adriano.wulf@schmidtke.net
Pompeo,Bourdon,pompeo.bourdon@gmail.com
Kristie,Garrett,kristie.garrett@wernecke.com
Lodovico,Conley,lodovico.conley@yahoo.com
Jean,Berthelot,jean.berthelot@oscuro.it
Tadeusz,Medina,tadeusz.medina@jackson-clark.net
Ruby,Carriera,ruby.carriera@hotmail.it
Theres,Antonioni,theres.antonioni@hotmail.com
Gloria,Morton,gloria.morton@outlook.com
Graziano,Jensen,graziano.jensen@gmail.com
Gianpaolo,Massey,gianpaolo.massey@bouvier.com
Alain,Farmer,alain.farmer@hotmail.it
Renato,Murillo,renato.murillo@club.com
Edda,Ferraris,edda.ferraris@libero.it
Luce,Marty,luce.marty@waehner.org
Rotraud,Mitchell,rotraud.mitchell@laboratorios.com
Israel,Watkins,israel.watkins@hotmail.com
Nathan,Jennings,nathan.jennings@kim.com
Gavin,Proietti,gavin.proietti@gmx.de
Emma,Rios,emma.rios@yahoo.com.au
Todd,Douglas,todd.douglas@web.de
Oscar,Holsten,oscar.holsten@yahoo.com
Ann,Peron,ann.peron@grupo.biz
Senta,Grassi,senta.grassi@hotmail.com
Kata,Mena,kata.mena@gmail.com
Gianfranco,Hethur,gianfranco.hethur@stewart-lee.com.au
Florentine,Saraceno,florentine.saraceno@gmail.com
Giuliano,Bolzmann,giuliano.bolzmann@pacillo.it
Alwine,Kostolzin,alwine.kostolzin@holloway.com
Giacinto,Briggs,giacinto.briggs@yahoo.co.uk
Holly,Negrete,holly.negrete@hotmail.com
Mark,Trapanese,mark.trapanese@gmail.com
Alyssa,Brun,alyssa.brun@chittolini-spadafora.it
Cristina,Chevalier,cristina.chevalier@proyectos.com
Shannon,Lefevre,shannon.lefevre@gmail.com
Logan,Hornich,logan.hornich@tin.it
Rosalia,Toro,rosalia.toro@free.fr
Reiner,Poerio,reiner.poerio@yahoo.com
Valentina,Pages,valentina.pages@hotmail.de
Enrico,Fabre,enrico.fabre@gmail.com
Sevim,Begue,sevim.begue@yahoo.com.au
Sonja,Patberg,sonja.patberg@hotmail.com
Christine,Hiller,christine.hiller@yahoo.com
Maik,Beasley,maik.beasley@harper-brooks.biz
Elliot,Santana,elliot.santana@gmx.de
Eloy,Renzi,eloy.renzi@gmail.com
Wolf,Lutz,wolf.lutz@nichols-jackson.com.au
Giuseppe,Lee,giuseppe.lee@mahe.org
Angelica,Cuellar,angelica.cuellar@zaguri-bellucci.net
Bekir,Normand,bekir.normand@yahoo.de
Carmine,Gonzales,carmine.gonzales@schleich.net
Marianne,Hubert,marianne.hubert@hotmail.com
Gonzalo,Montes,gonzalo.montes@hotmail.com
Shelly,Guichard,shelly.guichard@gmail.com
Tobias,Carbajal,tobias.carbajal@live.com
Santiago,Berry,santiago.berry@aol.de
Emilio,Davenport,emilio.davenport@zamora-russo.net
Maurizio,Gute,maurizio.gute@knight.info
Nadia,Travaglio,nadia.travaglio@colletti-broggini.com
Elisa,Barkholz,elisa.barkholz@sfr.fr
Cristal,Mazzini,cristal.mazzini@gmail.com
Trevor,Granados,trevor.granados@gmail.com
Matthieu,Mcdonald,matthieu.mcdonald@morrison.org
Juliette,Preston,juliette.preston@gmail.com
Stanislaw,Montalvo,stanislaw.montalvo@mcpherson-hughes.info
Lilia,Lollobrigida,lilia.lollobrigida@le.com
Brigitta,Shaw,brigitta.shaw@hotmail.co.uk
Rebeca,Frey,rebeca.frey@gerard.fr
Nicolas,Palacios,nicolas.palacios@meraz.com
Susanna,Bonneau,susanna.bonneau@klingelhoefer.de
Romina,Valentine,romina.valentine@hotmail.com
Erika,Toussaint,erika.toussaint@sfr.fr
Lothar,Laurent,lothar.laurent@garcia.com.au
Chelsea,Verdugo,chelsea.verdugo@campbell.com
Ria,Venier,ria.venier@murillo-estevez.com
Carly,Summers,carly.summers@yahoo.co.uk
Pasquale,Tomasini,pasquale.tomasini@hotmail.co.uk
Stefani,Ughi,stefani.ughi@hotmail.it
Jose,Huang,jose.huang@gmx.de
Petros,Gaona,petros.gaona@googlemail.com
Maximilian,Siering,maximilian.siering@gaito-fornaciari.org
Ermenegildo,Holzapfel,ermenegildo.holzapfel@aol.de
Damien,Leger,damien.leger@dixon.biz
Zeferino,Barrera,zeferino.barrera@zedillo-velazquez.com
Alfred,Pohl,alfred.pohl@fechner.net
Marissa,Gaito,marissa.gaito@reed-campbell.edu
Ariana,Houston,ariana.houston@hotmail.it
Victor,Jacobs,victor.jacobs@young.com
Henriette,Lang,henriette.lang@mimun.it
Wilfriede,Baca,wilfriede.baca@caraballo.com
Lucia,Riviere,lucia.riviere@samaniego.biz
Gordon,Vigorelli,gordon.vigorelli@solano.com
Diethard,Salgado,diethard.salgado@gmail.com
Sue,Corrales,sue.corrales@cardenas-serna.org
Arthur,Salazar,arthur.salazar@yahoo.com.au
Fortunata,Schneider,fortunata.schneider@tiscali.it
Gretchen,Serna,gretchen.serna@pichon.org
Egon,Caron,egon.caron@hotmail.com
Roberta,Finzi,roberta.finzi@knight-davies.co.uk
Editha,Savage,editha.savage@davies.co.uk
Allan,Emanuelli,allan.emanuelli@fernandes.org
Laurence,Lucero,laurence.lucero@martin.org
Istvan,Draghi,istvan.draghi@ifrance.com
Luigi,Bonnet,luigi.bonnet@carriera-federico.it
Yuridia,Fantozzi,yuridia.fantozzi@mcdonald.com
Eraldo,Schmiedt,eraldo.schmiedt@hotmail.de
Antoinette,Cox,antoinette.cox@bustamante.com
Cameron,Ocampo,cameron.ocampo@hotmail.com.au
Lynn,Lawson,lynn.lawson@leclercq.com
Natalia,Seifert,natalia.seifert@ifrance.com
Nuray,Anguillara,nuray.anguillara@yahoo.co.uk
Beate,Morgan,beate.morgan@gmail.com
Mario,Rees,mario.rees@gmx.de
Galasso,Junken,galasso.junken@yahoo.co.uk
Luca,Moses,luca.moses@franke.de
Aurelio,Gertz,aurelio.gertz@hewitt.net
Uberto,Steele,uberto.steele@outlook.com
Annie,Hunter,annie.hunter@allen.co.uk
Jo,Mccarty,jo.mccarty@hotmail.com
Eitel,Lombard,eitel.lombard@thomas.net
Susan,Vigliotti,susan.vigliotti@yahoo.co.uk
Jacqueline,Germano,jacqueline.germano@valette.fr
Fidel,Ruppert,fidel.ruppert@yahoo.co.uk
Margaret,Eigenwillig,margaret.eigenwillig@yahoo.com
Yvette,Harding,yvette.harding@yahoo.co.uk
Federigo,Karge,federigo.karge@bohlander.com
Guenther,Armenta,guenther.armenta@free.fr
Coriolano,Higgins,coriolano.higgins@murphy.org.au
Felix,Rubio,felix.rubio@ebert.de
Melanie,Leveque,melanie.leveque@fleury.net
Abbie,Galeati,abbie.galeati@ubaldi.it
Vittorio,Caccioppoli,vittorio.caccioppoli@yahoo.com
Biagio,Valenzuela,biagio.valenzuela@robinson.info
Dario,Green,dario.green@live.com
Alwina,Textor,alwina.textor@poste.it
Diether,Baeza,diether.baeza@grupo.biz
Sole,Trevino,sole.trevino@hotmail.com
Darren,Bernardi,darren.bernardi@brooks-martin.com
Martina,Heser,martina.heser@morellato.it
Bethan,Giacometti,bethan.giacometti@gmail.com
Ethan,Duhamel,ethan.duhamel@sfr.fr
Corrado,Warren,corrado.warren@hotmail.com.au
Damian,Pulido,damian.pulido@yahoo.de
Dino,Osborne,dino.osborne@despacho.com
Nicolaus,Bernetti,nicolaus.bernetti@aol.de
Gianna,Carroll,gianna.carroll@perez.com
Grit,Knight,grit.knight@web.de
Erin,Weinhold,erin.weinhold@hotmail.fr
Craig,Jordan,craig.jordan@gmail.com
Homero,Respighi,homero.respighi@gmail.com
Fanny,Pertile,fanny.pertile@gmail.com
Fridolin,Comboni,fridolin.comboni@graf.com
Hugh,Cantu,hugh.cantu@libero.it
Alphons,Simmons,alphons.simmons@hotmail.com
Ludovico,Cafarchia,ludovico.cafarchia@gmail.com
Nico,Kaiser,nico.kaiser@almonte.com
Kirsty,Lamy,kirsty.lamy@alonzi.it
Joshua,Scheibe,joshua.scheibe@turci.org
Carin,Pineau,carin.pineau@yahoo.com
Ellie,Galarza,ellie.galarza@pareto-cattaneo.net
Marion,Lira,marion.lira@ifrance.com
Aurelia,Angiolello,aurelia.angiolello@lord.com
Maura,Ravaglioli,maura.ravaglioli@yahoo.com
Brunhilde,Fletcher,brunhilde.fletcher@schomber.de
Ottfried,Marques,ottfried.marques@tyler-watson.info
Christelle,Blasi,christelle.blasi@morris-chan.com
Augusto,Vercelloni,augusto.vercelloni@club-internet.fr
Michela,Pruvost,michela.pruvost@holt.co.uk
Guarino,Escalante,guarino.escalante@hotmail.com
Gabriela,Padilla,gabriela.padilla@pearson-russell.com
Agathe,Dias,agathe.dias@jackson.com
Werner,Kallert,werner.kallert@gmail.com
Lore,Delaunay,lore.delaunay@yahoo.com
Enzio,Campos,enzio.campos@tim.it
Walther,Duarte,walther.duarte@web.de
Adelgunde,Trevisan,adelgunde.trevisan@gmail.com
Thierry,Schwartz,thierry.schwartz@travaglio.net
Katie,Andersen,katie.andersen@haney.com.au
Kathy,Zamorani,kathy.zamorani@hotmail.com
Giuseppina,Tanguy,giuseppina.tanguy@wanadoo.fr
Jack,Klapp,jack.klapp@hotmail.com.au
Tom,Leconte,tom.leconte@woods-johnson.com
Bonnie,Cignaroli,bonnie.cignaroli@yahoo.com
Danny,Farrell,danny.farrell@hotmail.com
Fiorenzo,Bauer,fiorenzo.bauer@gmail.com
Randy,Alfieri,randy.alfieri@verri.org
Tim,Bradley,tim.bradley@schlosser.de
Yves,Mendez,yves.mendez@gmail.com
Raffaella,Esquivel,raffaella.esquivel@gmail.com
Lawrence,Vasari,lawrence.vasari@castillo.edu
Sam,Adams,sam.adams@yahoo.com
Mirco,Nicolini,mirco.nicolini@blin.net
Graham,Bajardi,graham.bajardi@yahoo.com
Luc,Quinn,luc.quinn@walker.com
Stella,Ullrich,stella.ullrich@hotmail.com.au
Calcedonio,Remy,calcedonio.remy@edwards-benton.com
Nanni,Almaraz,nanni.almaraz@martin.com
Pascual,Corradi,pascual.corradi@lopez.net.au
Kristi,Grant,kristi.grant@yahoo.co.uk
Manuel,Gracia,manuel.gracia@trussardi.eu
Gionata,Hussain,gionata.hussain@yahoo.com
Maria,Nguyen,maria.nguyen@hernadez.com
Leon,Baker,leon.baker@hotmail.com
Gianmarco,Alcaraz,gianmarco.alcaraz@zacchia.net
Derrick,Little,derrick.little@small.org
Terry,Ramirez,terry.ramirez@hotmail.co.uk
Katarina,Clarke,katarina.clarke@hotmail.com.au
Leila,Washington,leila.washington@gmail.com
Mirko,Townsend,mirko.townsend@schmitt.com
Randall,Connolly,randall.connolly@jovinelli-castelli.com
Pia,Burgess,pia.burgess@proyectos.org
Justine,Mancini,justine.mancini@tiscali.it
Reynaldo,Wagenknecht,reynaldo.wagenknecht@faure.com
Toni,Magrassi,toni.magrassi@gmail.com
Patrizio,Cisneros,patrizio.cisneros@martinez.edu.au
Durante,Lindner,durante.lindner@picard.fr
Rosl,Lamborghini,rosl.lamborghini@hiller.net
Ugo,Harrison,ugo.harrison@morley-chapman.co.uk
Isidor,Carpenter,isidor.carpenter@chauvin.com
Marie,Zoppetto,marie.zoppetto@kallert.de
Branko,Chambers,branko.chambers@ifrance.com
Alan,Pineda,alan.pineda@proyectos.info
Carmen,Oestrovsky,carmen.oestrovsky@gmail.com
Shane,Fernandez,shane.fernandez@hotmail.de
Debbie,Guilbert,debbie.guilbert@berg.edu
Vito,Dossi,vito.dossi@hotmail.co.uk
Evan,Schacht,evan.schacht@price.com
Mandy,Weston,mandy.weston@free.fr
Paulo,Zito,paulo.zito@nelson.biz
Alberto,Girschner,alberto.girschner@laboratorios.com
Giacomo,Bouvet,giacomo.bouvet@gmail.com
Ehrentraud,Puga,ehrentraud.puga@laboratorios.com
Cristian,Hale,cristian.hale@hotmail.co.uk
Lilija,Charles,lilija.charles@gmail.com
Albert,Legendre,albert.legendre@lee.com
Marisa,Renaud,marisa.renaud@smith.org
Sharon,Diallo,sharon.diallo@gmail.com
Eduardo,Delattre,eduardo.delattre@lynch.net.au
Bernadette,Wang,bernadette.wang@gmail.com
Dina,Gibbons,dina.gibbons@brewer.net
Clara,Armstrong,clara.armstrong@vodafone.it
Elliott,Herrmann,elliott.herrmann@hotmail.com.au
Graziella,Vidal,graziella.vidal@hotmail.com
Francisca,Becerra,francisca.becerra@young.com.au
Edeltrud,Boyer,edeltrud.boyer@outlook.com
Julian,Noble,julian.noble@hill.org.au
Christophe,Bohnbach,christophe.bohnbach@ifrance.com
Ippazio,Angulo,ippazio.angulo@yahoo.com
Grace,Kroker,grace.kroker@hotmail.com
Jared,Ferguson,jared.ferguson@roberts.com
Virginie,McLean,virginie.mclean@yahoo.com
Mason,Potter,mason.potter@gmail.com
Aaron,Anaya,aaron.anaya@hotmail.com.au
Leah,Ornelas,leah.ornelas@gmail.com
Harald,Roy,harald.roy@web.de
Micaela,Martel,micaela.martel@hotmail.com
Vincentio,Sanders,vincentio.sanders@voila.fr
Bettina,Norbiato,bettina.norbiato@allen-lutz.org
Julio,Renner,julio.renner@industrias.net
Jelena,Stiffel,jelena.stiffel@trupp.de
Guadalupe,Munoz,guadalupe.munoz@murray-hamilton.com.au
Whitney,Noack,whitney.noack@laboratorios.org
Gelsomina,Migliaccio,gelsomina.migliaccio@junk.com
Evangelista,Pereira,evangelista.pereira@thompson-peterson.biz
Gareth,Comolli,gareth.comolli@tiscali.fr
Michelangelo,Hess,michelangelo.hess@bouygtel.fr
